epoch,train_loss,val_miou,val_pixel_acc,val_macc,throughput_img_sec,epoch_time_sec,peak_vram_gb,trainable_params,trainable_pct
1,1.033272,,,,137.71,29.05,,422163,11.2831
2,0.783655,0.228072,0.833905,0.270083,134.87,29.66,19.3418,422163,11.2831
3,0.739998,,,,135.11,29.61,,422163,11.2831
4,0.689888,0.284743,0.842602,0.340987,135.09,29.61,19.3730,422163,11.2831
5,0.679648,,,,138.25,28.93,,422163,11.2831
6,0.658165,0.300463,0.850273,0.357568,135.55,29.51,19.3730,422163,11.2831
7,0.656725,,,,136.38,29.33,,422163,11.2831
8,0.643267,0.315355,0.859548,0.368689,135.40,29.54,19.3730,422163,11.2831
9,0.640071,,,,136.65,29.27,,422163,11.2831
10,0.617779,0.322821,0.858945,0.378447,133.78,29.90,19.3730,422163,11.2831
11,0.619722,,,,135.10,29.61,,422163,11.2831
12,0.618659,0.328488,0.858570,0.383772,135.99,29.41,19.3730,422163,11.2831
13,0.606625,,,,136.03,29.40,,422163,11.2831
14,0.618945,0.340583,0.866388,0.399315,135.11,29.61,19.3730,422163,11.2831
15,0.613683,,,,135.41,29.54,,422163,11.2831
16,0.605969,0.342601,0.866527,0.401070,136.98,29.20,19.3730,422163,11.2831
17,0.611654,,,,138.58,28.87,,422163,11.2831
18,0.584720,0.356583,0.868872,0.420456,134.42,29.76,19.3730,422163,11.2831
19,0.594831,,,,136.43,29.32,,422163,11.2831
20,0.596077,0.345025,0.868411,0.400554,135.53,29.51,19.3730,422163,11.2831
21,0.582355,,,,136.03,29.40,,422163,11.2831
22,0.576650,0.347164,0.866679,0.405968,136.33,29.34,19.3730,422163,11.2831
23,0.582971,,,,135.77,29.46,,422163,11.2831
24,0.565194,0.349993,0.870572,0.405284,137.87,29.01,19.3730,422163,11.2831
25,0.570862,,,,137.61,29.07,,422163,11.2831
26,0.570103,0.356047,0.871646,0.416269,137.49,29.09,19.3730,422163,11.2831
27,0.571531,,,,134.48,29.74,,422163,11.2831
28,0.556238,0.364063,0.874182,0.430261,138.55,28.87,19.3730,422163,11.2831
29,0.573643,,,,136.86,29.23,,422163,11.2831
30,0.563549,0.360210,0.873923,0.417457,137.80,29.03,19.3730,422163,11.2831
31,0.567574,,,,136.81,29.24,,422163,11.2831
32,0.566254,0.361301,0.873870,0.421985,132.55,30.18,19.3730,422163,11.2831
33,0.549389,,,,135.15,29.60,,422163,11.2831
34,0.555093,0.368372,0.876936,0.431418,133.08,30.06,19.3730,422163,11.2831
35,0.561448,,,,133.82,29.89,,422163,11.2831
36,0.541372,0.367666,0.874533,0.429853,137.39,29.11,19.3730,422163,11.2831
37,0.556222,,,,137.47,29.10,,422163,11.2831
38,0.548924,0.368202,0.874208,0.433715,135.55,29.51,19.3730,422163,11.2831
39,0.535470,,,,135.31,29.56,,422163,11.2831
40,0.530576,0.371450,0.877088,0.434337,135.44,29.53,19.3730,422163,11.2831
41,0.539470,,,,136.04,29.40,,422163,11.2831
42,0.544727,0.378105,0.878286,0.445022,136.00,29.41,19.3730,422163,11.2831
43,0.533149,,,,136.33,29.34,,422163,11.2831
44,0.551110,0.371866,0.878235,0.433745,137.23,29.15,19.3730,422163,11.2831
45,0.542388,,,,136.83,29.23,,422163,11.2831
46,0.544286,0.377083,0.877922,0.441782,134.11,29.83,19.3730,422163,11.2831
47,0.520201,,,,134.96,29.64,,422163,11.2831
48,0.520657,0.377590,0.878219,0.442349,133.27,30.01,19.3730,422163,11.2831
49,0.534955,,,,133.02,30.07,,422163,11.2831
50,0.528372,0.380706,0.878982,0.445749,136.97,29.20,19.3730,422163,11.2831
51,0.527356,,,,135.42,29.54,,422163,11.2831
52,0.526961,0.379092,0.879047,0.442268,134.19,29.81,19.3730,422163,11.2831
53,0.530924,,,,136.37,29.33,,422163,11.2831
54,0.527571,0.380163,0.879366,0.444517,137.97,28.99,19.3730,422163,11.2831
55,0.518361,,,,134.14,29.82,,422163,11.2831
56,0.538780,0.379085,0.879153,0.441395,136.55,29.29,19.3730,422163,11.2831
57,0.540092,,,,137.26,29.14,,422163,11.2831
58,0.522756,0.379392,0.879242,0.441921,135.77,29.46,19.3730,422163,11.2831
59,0.535241,,,,137.13,29.17,,422163,11.2831
60,0.542768,0.378508,0.878701,0.441401,138.71,28.84,19.3730,422163,11.2831
